{
  "eslint.config.js": 1773415644.045319,
  "move_files.mjs": 1776779938.544062,
  "playwright-fixture.ts": 1773415644.0819936,
  "playwright.config.ts": 1773415644.0938654,
  "postcss.config.js": 1773415644.1000745,
  "tailwind.config.ts": 1775826511.9348826,
  "vite.config.ts": 1776777668.3768365,
  "vitest.config.ts": 1773415644.9911046,
  "write-logo.js": 1775489441.5174296,
  "src\\vite-env.d.ts": 1773415644.1628087,
  "src\\admin\\admin-main.tsx": 1776780020.395337,
  "src\\admin\\AdminApp.tsx": 1776781746.9645593,
  "src\\admin\\pages\\AdminDashboard.tsx": 1776781778.144343,
  "src\\admin\\pages\\AdminLogin.tsx": 1776781758.0747378,
  "src\\components\\AnimatedSection.tsx": 1776689600.6429534,
  "src\\components\\FloatingCTA.tsx": 1775677239.524423,
  "src\\components\\Footer.tsx": 1776260189.6726198,
  "src\\components\\Header.tsx": 1776260112.646449,
  "src\\components\\NavLink.tsx": 1773415644.22558,
  "src\\components\\PageTransition.tsx": 1773415644.231607,
  "src\\components\\Preloader.tsx": 1774269840.8107827,
  "src\\components\\ScrollToTop.tsx": 1775068010.5233884,
  "src\\components\\ThemeToggle.tsx": 1776257574.282243,
  "src\\components\\WhatsAppButton.tsx": 1775068018.5817988,
  "src\\components\\benefits\\BenefitCard.tsx": 1775062093.6479068,
  "src\\components\\benefits\\BenefitsData.ts": 1775058951.2135158,
  "src\\components\\benefits\\BenefitsSection.tsx": 1775062017.845421,
  "src\\components\\home\\AboutSection.tsx": 1776277178.6578178,
  "src\\components\\home\\CareersSection.tsx": 1775827234.101656,
  "src\\components\\home\\ContactSection.tsx": 1776106555.4540339,
  "src\\components\\home\\GallerySection.tsx": 1775827216.1739674,
  "src\\components\\home\\HeroSection.tsx": 1776866414.5523815,
  "src\\components\\home\\HowItWorksSection.tsx": 1776276591.2343566,
  "src\\components\\home\\NursingSection.tsx": 1776259761.2765987,
  "src\\components\\home\\ServiceAreasSection.tsx": 1776689887.2438192,
  "src\\components\\home\\ServicesSection.tsx": 1776106129.8470542,
  "src\\components\\home\\StatsSection.tsx": 1776866416.59628,
  "src\\components\\home\\TestimonialsSection.tsx": 1776264247.480185,
  "src\\components\\home\\WhyChooseUsSection.tsx": 1776689607.7894008,
  "src\\components\\jobs\\FeaturedJobCard.tsx": 1775677457.2847102,
  "src\\components\\jobs\\JobCard.tsx": 1775844749.2383285,
  "src\\components\\jobs\\JobDetailModal.tsx": 1775845739.4191637,
  "src\\components\\jobs\\JobFilters.tsx": 1775058595.7881374,
  "src\\components\\jobs\\JobsSection.tsx": 1775845748.3028152,
  "src\\components\\ui\\accordion.tsx": 1773415644.3432796,
  "src\\components\\ui\\alert-dialog.tsx": 1773415644.3524306,
  "src\\components\\ui\\alert.tsx": 1773415644.3609726,
  "src\\components\\ui\\aspect-ratio.tsx": 1773415644.3707995,
  "src\\components\\ui\\avatar.tsx": 1773415644.379684,
  "src\\components\\ui\\badge.tsx": 1773415644.3880053,
  "src\\components\\ui\\breadcrumb.tsx": 1773415644.3967865,
  "src\\components\\ui\\button.tsx": 1773415644.4054065,
  "src\\components\\ui\\calendar.tsx": 1773415644.4143248,
  "src\\components\\ui\\card.tsx": 1773415644.4201572,
  "src\\components\\ui\\carousel.tsx": 1773415644.431273,
  "src\\components\\ui\\chart.tsx": 1773415644.441136,
  "src\\components\\ui\\checkbox.tsx": 1773415644.4498484,
  "src\\components\\ui\\collapsible.tsx": 1773415644.4612017,
  "src\\components\\ui\\command.tsx": 1773415644.471873,
  "src\\components\\ui\\context-menu.tsx": 1773415644.4828384,
  "src\\components\\ui\\dialog.tsx": 1775067176.904785,
  "src\\components\\ui\\drawer.tsx": 1773415644.5024722,
  "src\\components\\ui\\dropdown-menu.tsx": 1773415644.511468,
  "src\\components\\ui\\form.tsx": 1773415644.5205166,
  "src\\components\\ui\\hover-card.tsx": 1773415644.5294757,
  "src\\components\\ui\\input-otp.tsx": 1773415644.538803,
  "src\\components\\ui\\input.tsx": 1773415644.546431,
  "src\\components\\ui\\label.tsx": 1773415644.5517259,
  "src\\components\\ui\\menubar.tsx": 1773415644.5596576,
  "src\\components\\ui\\navigation-menu.tsx": 1773415644.5644317,
  "src\\components\\ui\\pagination.tsx": 1773415644.576847,
  "src\\components\\ui\\popover.tsx": 1773415644.5833395,
  "src\\components\\ui\\progress.tsx": 1773415644.590662,
  "src\\components\\ui\\radio-group.tsx": 1773415644.5985782,
  "src\\components\\ui\\resizable.tsx": 1773415644.606531,
  "src\\components\\ui\\scroll-area.tsx": 1773415644.6122544,
  "src\\components\\ui\\select.tsx": 1773415644.6182847,
  "src\\components\\ui\\separator.tsx": 1773415644.6182847,
  "src\\components\\ui\\sheet.tsx": 1773415644.633226,
  "src\\components\\ui\\sidebar.tsx": 1773415644.6377585,
  "src\\components\\ui\\skeleton.tsx": 1773415644.646951,
  "src\\components\\ui\\slider.tsx": 1773415644.6527236,
  "src\\components\\ui\\sonner.tsx": 1773415644.6598656,
  "src\\components\\ui\\switch.tsx": 1773415644.6659453,
  "src\\components\\ui\\table.tsx": 1773415644.6741874,
  "src\\components\\ui\\tabs.tsx": 1773415644.681197,
  "src\\components\\ui\\textarea.tsx": 1773415644.685925,
  "src\\components\\ui\\toast.tsx": 1773415644.6939824,
  "src\\components\\ui\\toaster.tsx": 1773415644.7005768,
  "src\\components\\ui\\toggle-group.tsx": 1773415644.708092,
  "src\\components\\ui\\toggle.tsx": 1773415644.714032,
  "src\\components\\ui\\tooltip.tsx": 1773415644.7207665,
  "src\\components\\ui\\use-toast.ts": 1773415644.7281356,
  "src\\config\\siteImageConfig.ts": 1775070193.2094223,
  "src\\contexts\\AdminContext.tsx": 1776780257.9292355,
  "src\\contexts\\ThemeContext.tsx": 1776689571.6784396,
  "src\\data\\jobs.ts": 1775057372.5326188,
  "src\\hooks\\use-mobile.tsx": 1773415644.7613645,
  "src\\hooks\\use-toast.ts": 1773415644.7710092,
  "src\\hooks\\usePageTitle.ts": 1773415644.7800813,
  "src\\hooks\\useScrollAnimations.ts": 1775826428.1765685,
  "src\\lib\\firebase.ts": 1776780074.7371113,
  "src\\lib\\iconMap.ts": 1773415644.79468,
  "src\\lib\\utils.ts": 1773415644.8022556,
  "src\\test\\example.test.ts": 1773415644.8903499,
  "src\\test\\setup.ts": 1773415644.8947334,
  "src\\types\\job.ts": 1775057362.9820402,
  "src\\user\\App.tsx": 1776777643.5808258,
  "src\\user\\main.tsx": 1776780046.4815228,
  "src\\user\\pages\\About.tsx": 1776264657.2370026,
  "src\\user\\pages\\Careers.tsx": 1776264739.723484,
  "src\\user\\pages\\Contact.tsx": 1776258386.9600134,
  "src\\user\\pages\\Index.tsx": 1776180207.6307302,
  "src\\user\\pages\\NotFound.tsx": 1775677669.0102096,
  "src\\user\\pages\\Services.tsx": 1776264685.2398846,
  "admin.html": 1776779987.2585406,
  "index.html": 1776779984.9906676,
  "program.md": 1775824821.5965252,
  "README.md": 1776718272.4323006,
  "skills.md": 1774455107.6702075,
  "public\\404.html": 1776172183.629395,
  "public\\robots.txt": 1773415644.118546,
  "y\\index.html": 1776172183.694879,
  "MintexCare_IMG\\1.png": 1774989886.131054,
  "MintexCare_IMG\\2.png": 1774989884.549375,
  "MintexCare_IMG\\3.png": 1774989881.6390636,
  "MintexCare_IMG\\4.png": 1774989879.9842699,
  "MintexCare_IMG\\Artboard 133 copy.svg": 1775587194.398743,
  "MintexCare_IMG\\Artboard 31 copy 2.svg": 1775587186.8749585,
  "MintexCare_IMG\\Gemini_Generated_Image_812ams812ams812a.png": 1775069317.1367636,
  "MintexCare_IMG\\Gemini_Generated_Image_h7o7tkh7o7tkh7o7.png": 1775069309.6995206,
  "MintexCare_IMG\\Gemini_Generated_Image_jfzb5bjfzb5bjfzb.png": 1775069319.8683405,
  "MintexCare_IMG\\Gemini_Generated_Image_mmu5ubmmu5ubmmu5.png": 1775069314.6081243,
  "MintexCare_IMG\\Gemini_Generated_Image_w5s1vfw5s1vfw5s1.png": 1775069313.030557,
  "MintexCare_IMG\\Gemini_Generated_Image_zrzehzrzehzrzehz.png": 1775069298.7198105,
  "MintexCare_IMG\\Homecare.svg": 1775507891.980427,
  "MintexCare_IMG\\What-we-offer-1.png": 1775069311.5307271,
  "MintexCare_IMG\\What-we-offer-2.png": 1775069311.0154188,
  "MintexCare_IMG\\What-we-offer-3.png": 1775069335.9623168,
  "MintexCare_IMG\\What-we-offer-4.png": 1775069335.9310393,